normalization,rho,lambda,top_alternative,top_stable,full_ranking_stable,spearman,kendall_tau,ranking,score_A1,rank_A1,score_A2,rank_A2,score_A3,rank_A3,score_A4,rank_A4,score_A5,rank_A5
max,1.0,1.0,A1,True,True,1.0,1.0,A1 > A2 > A3 > A4 > A5,1.0,1,0.47366796564750147,2,0.29634236819083803,3,0.17234685579229628,4,0.0,5
max,1.0,1.5,A1,True,True,1.0,1.0,A1 > A2 > A3 > A4 > A5,1.0,1,0.5278915126283279,2,0.330171941582255,3,0.23437471552876635,4,0.0,5
max,1.0,2.25,A1,True,True,1.0,1.0,A1 > A2 > A3 > A4 > A5,1.0,1,0.5783013362075333,2,0.3616221679391569,3,0.2920399484471663,4,0.0,5
max,1.0,3.0,A1,True,True,1.0,1.0,A1 > A2 > A3 > A4 > A5,1.0,1,0.6099832888714308,2,0.381388247484003,3,0.32828183643558195,4,0.0,5
max,1.0,5.0,A1,True,True,1.0,1.0,A1 > A2 > A3 > A4 > A5,1.0,1,0.6559869466510317,2,0.41008950743069983,3,0.3809067308034598,4,0.0,5
max,2.0,1.0,A1,True,True,1.0,1.0,A1 > A2 > A3 > A4 > A5,1.0,1,0.4504764839354801,2,0.3076107635574464,3,0.1740036364771818,4,0.0,5
max,2.0,1.5,A1,True,True,1.0,1.0,A1 > A2 > A3 > A4 > A5,1.0,1,0.48704750139649455,2,0.3344268042451719,3,0.21948484365861826,4,0.0,5
max,2.0,2.25,A1,True,True,1.0,1.0,A1 > A2 > A3 > A4 > A5,1.0,1,0.520780203753182,2,0.3591616238292364,3,0.26143620654617633,4,0.0,5
max,2.0,3.0,A1,True,True,1.0,1.0,A1 > A2 > A3 > A4 > A5,1.0,1,0.5418508891488493,2,0.37461190101911235,3,0.28764056930301757,4,0.0,5
max,2.0,5.0,A1,True,True,1.0,1.0,A1 > A2 > A3 > A4 > A5,1.0,1,0.5722696979887696,2,0.3969167771793946,3,0.3254706392083947,4,0.0,5
max,3.0,1.0,A1,True,True,1.0,1.0,A1 > A2 > A3 > A4 > A5,1.0,1,0.4478821886864933,2,0.3181353576921102,3,0.18658764975241918,4,0.0,5
max,3.0,1.5,A1,True,True,1.0,1.0,A1 > A2 > A3 > A4 > A5,1.0,1,0.4719955461495676,2,0.3405252161749921,3,0.22091487657347544,4,0.0,5
max,3.0,2.25,A1,True,True,1.0,1.0,A1 > A2 > A3 > A4 > A5,1.0,1,0.49411322442827366,2,0.36106203637468753,3,0.2524010999329121,4,0.0,5
max,3.0,3.0,A1,True,True,1.0,1.0,A1 > A2 > A3 > A4 > A5,1.0,1,0.5078686940829498,2,0.3738343356866105,3,0.27198307343408484,4,0.0,5
max,3.0,5.0,A1,True,True,1.0,1.0,A1 > A2 > A3 > A4 > A5,1.0,1,0.5276459588222564,2,0.39219802308972945,3,0.30013753735085286,4,0.0,5
max,5.0,1.0,A1,True,True,1.0,1.0,A1 > A2 > A3 > A4 > A5,1.0,1,0.4657864477814204,2,0.33801544958982177,3,0.21889635545791702,4,0.0,5
max,5.0,1.5,A1,True,True,1.0,1.0,A1 > A2 > A3 > A4 > A5,1.0,1,0.4748326227391205,2,0.35495102554193597,3,0.2393061872172857,4,0.0,5
max,5.0,2.25,A1,True,True,1.0,1.0,A1 > A2 > A3 > A4 > A5,1.0,1,0.48307370849116194,2,0.3703793733612298,3,0.25789958989855055,4,0.0,5
max,5.0,3.0,A1,True,True,1.0,1.0,A1 > A2 > A3 > A4 > A5,1.0,1,0.48817203963491884,2,0.3799240897433329,3,0.2694023611122625,4,0.0,5
max,5.0,5.0,A1,True,True,1.0,1.0,A1 > A2 > A3 > A4 > A5,1.0,1,0.49546632416974346,2,0.39357990674151083,3,0.28585960639624997,4,0.0,5
max,10.0,1.0,A1,True,True,1.0,1.0,A1 > A2 > A3 > A4 > A5,1.0,1,0.5174929763041584,2,0.3836664547809944,3,0.2767997249920327,4,0.0,5
max,10.0,1.5,A1,True,True,1.0,1.0,A1 > A2 > A3 > A4 > A5,1.0,1,0.5144401133365744,2,0.3935165141385459,3,0.2820011001186092,4,0.0,5
max,10.0,2.25,A1,True,True,1.0,1.0,A1 > A2 > A3 > A4 > A5,1.0,1,0.511670911603813,2,0.40245134080137623,3,0.2867191818557195,4,0.0,5
max,10.0,3.0,A1,True,True,1.0,1.0,A1 > A2 > A3 > A4 > A5,1.0,1,0.5099634296560206,2,0.4079605296238974,3,0.2896283376961972,4,0.0,5
max,10.0,5.0,A1,True,True,1.0,1.0,A1 > A2 > A3 > A4 > A5,1.0,1,0.5075280109276582,2,0.41581840575184065,3,0.29377773009638286,4,0.0,5
max_min,1.0,1.0,A1,True,True,1.0,1.0,A1 > A2 > A3 > A4 > A5,1.0,1,0.43308739428413573,2,0.38895454561005616,3,0.1350219444732768,4,0.0,5
max_min,1.0,1.5,A1,True,True,1.0,1.0,A1 > A2 > A3 > A4 > A5,1.0,1,0.46441566039051235,2,0.4146610420484258,3,0.1768213556301054,4,0.0,5
max_min,1.0,2.25,A1,True,True,1.0,1.0,A1 > A2 > A3 > A4 > A5,1.0,1,0.49330664530770824,2,0.438367620585299,3,0.2153688498699416,4,0.0,5
max_min,1.0,3.0,A1,True,True,1.0,1.0,A1 > A2 > A3 > A4 > A5,1.0,1,0.5113501627460241,2,0.4531732793213669,3,0.2394432241605144,4,0.0,5
max_min,1.0,5.0,A1,True,True,1.0,1.0,A1 > A2 > A3 > A4 > A5,1.0,1,0.5373949150071834,2,0.4745443736859999,3,0.274193162268974,4,0.0,5
max_min,2.0,1.0,A1,True,True,1.0,1.0,A1 > A2 > A3 > A4 > A5,1.0,1,0.4623778846608237,2,0.3706495504472715,3,0.1804454233313565,4,0.0,5
max_min,2.0,1.5,A1,True,True,1.0,1.0,A1 > A2 > A3 > A4 > A5,1.0,1,0.4737864635162766,2,0.3915604118028687,3,0.20583125776676459,4,0.0,5
max_min,2.0,2.25,A1,True,True,1.0,1.0,A1 > A2 > A3 > A4 > A5,1.0,1,0.48421240413110495,2,0.410670188880332,3,0.22903057168963142,4,0.0,5
max_min,2.0,3.0,A1,True,True,1.0,1.0,A1 > A2 > A3 > A4 > A5,1.0,1,0.4906780647757229,2,0.4225211420117403,3,0.24341765641941407,4,0.0,5
max_min,2.0,5.0,A1,True,True,1.0,1.0,A1 > A2 > A3 > A4 > A5,1.0,1,0.4999495261022051,2,0.43951486619230995,3,0.2640480771922751,4,0.0,5
max_min,3.0,1.0,A1,True,True,1.0,1.0,A1 > A2 > A3 > A4 > A5,1.0,1,0.4936908199125199,2,0.37702951233603577,3,0.22355352266011866,4,0.0,5
max_min,3.0,1.5,A1,True,True,1.0,1.0,A1 > A2 > A3 > A4 > A5,1.0,1,0.4958684759781259,2,0.39369494998484345,3,0.2386283793327647,4,0.0,5
max_min,3.0,2.25,A1,True,True,1.0,1.0,A1 > A2 > A3 > A4 > A5,1.0,1,0.49784841641279554,2,0.4088472848202153,3,0.25233454659417526,4,0.0,5
max_min,3.0,3.0,A1,True,True,1.0,1.0,A1 > A2 > A3 > A4 > A5,1.0,1,0.49907144123948416,2,0.4182070015881868,3,0.26080095424257116,4,0.0,5
max_min,3.0,5.0,A1,True,True,1.0,1.0,A1 > A2 > A3 > A4 > A5,1.0,1,0.5008187791322612,2,0.43157924671146236,3,0.2728969269300503,4,0.0,5
max_min,5.0,1.0,A1,True,True,1.0,1.0,A1 > A2 > A3 > A4 > A5,1.0,1,0.5337959975821644,2,0.40662765173826965,3,0.2781578215121572,4,0.0,5
max_min,5.0,1.5,A1,True,True,1.0,1.0,A1 > A2 > A3 > A4 > A5,1.0,1,0.5304644101625421,2,0.41687727760811355,3,0.2828638581479086,4,0.0,5
max_min,5.0,2.25,A1,True,True,1.0,1.0,A1 > A2 > A3 > A4 > A5,1.0,1,0.5274394250190901,2,0.4261836418354507,3,0.2871368034783674,4,0.0,5
max_min,5.0,3.0,A1,True,True,1.0,1.0,A1 > A2 > A3 > A4 > A5,1.0,1,0.5255728239973348,2,0.43192623829519794,3,0.2897734723350735,4,0.0,5
max_min,5.0,5.0,A1,True,True,1.0,1.0,A1 > A2 > A3 > A4 > A5,1.0,1,0.5229085951998366,2,0.4401227359302846,3,0.2935368309830273,4,0.0,5
max_min,10.0,1.0,A1,True,True,1.0,1.0,A1 > A2 > A3 > A4 > A5,1.0,1,0.5671814886073437,2,0.45920649050576423,3,0.32089885469681745,4,0.0,5
max_min,10.0,1.5,A1,True,True,1.0,1.0,A1 > A2 > A3 > A4 > A5,1.0,1,0.5647800212409009,2,0.46233270678840904,3,0.3205345779634395,4,0.0,5
max_min,10.0,2.25,A1,True,True,1.0,1.0,A1 > A2 > A3 > A4 > A5,1.0,1,0.5625821378439045,2,0.46519389864096466,3,0.3202011827254312,4,0.0,5
max_min,10.0,3.0,A1,True,True,1.0,1.0,A1 > A2 > A3 > A4 > A5,1.0,1,0.5612175514926241,2,0.4669703092347788,3,0.3199941896738481,4,0.0,5
max_min,10.0,5.0,A1,True,True,1.0,1.0,A1 > A2 > A3 > A4 > A5,1.0,1,0.5592587011871117,2,0.4695203291958775,3,0.31969705318120206,4,0.0,5
sum,1.0,1.0,A1,True,True,1.0,1.0,A1 > A2 > A3 > A4 > A5,1.0,1,0.4318892395923581,2,0.19579378800073868,3,0.11749914068117066,4,0.0,5
sum,1.0,1.5,A1,True,True,1.0,1.0,A1 > A2 > A3 > A4 > A5,1.0,1,0.5025511615683348,2,0.22092726965699344,3,0.19769040534428067,4,0.0,5
sum,1.0,2.25,A1,True,False,0.9,0.8,A1 > A2 > A4 > A3 > A5,1.0,1,0.5723943951906457,2,0.24576955503463513,4,0.27695257478029334,3,0.0,5
sum,1.0,3.0,A1,True,False,0.9,0.8,A1 > A2 > A4 > A3 > A5,1.0,1,0.6185087232046858,2,0.2621717924040833,4,0.3292858000751358,3,0.0,5
sum,1.0,5.0,A1,True,False,0.9,0.8,A1 > A2 > A4 > A3 > A5,1.0,1,0.6887650828694716,2,0.2871610210790467,4,0.40901680900609716,3,0.0,5
sum,2.0,1.0,A1,True,True,1.0,1.0,A1 > A2 > A3 > A4 > A5,1.0,1,0.40680853842741516,2,0.20612549981806408,3,0.11203251526527429,4,0.0,5
sum,2.0,1.5,A1,True,True,1.0,1.0,A1 > A2 > A3 > A4 > A5,1.0,1,0.47191337444596826,2,0.22736833556658753,3,0.18496267693669713,4,0.0,5
sum,2.0,2.25,A1,True,False,0.9,0.8,A1 > A2 > A4 > A3 > A5,1.0,1,0.5358447021532854,2,0.2482282712752737,4,0.25657827956619567,3,0.0,5
sum,2.0,3.0,A1,True,False,0.9,0.8,A1 > A2 > A4 > A3 > A5,1.0,1,0.5778292130755686,2,0.2619272547002532,4,0.3036091509500846,3,0.0,5
sum,2.0,5.0,A1,True,False,0.9,0.8,A1 > A2 > A4 > A3 > A5,1.0,1,0.6414504277259597,2,0.2826860046732146,4,0.37487736624615037,3,0.0,5
sum,3.0,1.0,A1,True,True,1.0,1.0,A1 > A2 > A3 > A4 > A5,1.0,1,0.3868716063174455,2,0.21702869600729796,3,0.10949334904865254,4,0.0,5
sum,3.0,1.5,A1,True,True,1.0,1.0,A1 > A2 > A3 > A4 > A5,1.0,1,0.4465765641384755,2,0.23532533444373402,3,0.175916923315284,4,0.0,5
sum,3.0,2.25,A1,True,True,1.0,1.0,A1 > A2 > A3 > A4 > A5,1.0,1,0.5048817161749162,2,0.25319300112880166,3,0.2407831712411074,4,0.0,5
sum,3.0,3.0,A1,True,False,0.9,0.8,A1 > A2 > A4 > A3 > A5,1.0,1,0.5429982694976306,2,0.26487385344058734,4,0.28318899150830734,3,0.0,5
sum,3.0,5.0,A1,True,False,0.9,0.8,A1 > A2 > A4 > A3 > A5,1.0,1,0.6004984097750785,2,0.28249482354250827,4,0.3471596394653767,3,0.0,5
sum,5.0,1.0,A1,True,True,1.0,1.0,A1 > A2 > A3 > A4 > A5,1.0,1,0.3613811937465019,2,0.23789715388798796,3,0.11074189748632458,4,0.0,5
sum,5.0,1.5,A1,True,True,1.0,1.0,A1 > A2 > A3 > A4 > A5,1.0,1,0.41127303930629855,2,0.2521211519424483,3,0.166523890443569,4,0.0,5
sum,5.0,2.25,A1,True,True,1.0,1.0,A1 > A2 > A3 > A4 > A5,1.0,1,0.45956602951183767,2,0.2658893216908369,3,0.22051826987178585,4,0.0,5
sum,5.0,3.0,A1,True,True,1.0,1.0,A1 > A2 > A3 > A4 > A5,1.0,1,0.490910655976396,2,0.27482556970586136,3,0.2555633902331456,4,0.0,5
sum,5.0,5.0,A1,True,False,0.9,0.8,A1 > A2 > A4 > A3 > A5,1.0,1,0.5378600682518779,2,0.2882106898867562,4,0.3080555711800068,3,0.0,5
sum,10.0,1.0,A1,True,True,1.0,1.0,A1 > A2 > A3 > A4 > A5,1.0,1,0.3512539638867743,2,0.278696637778814,3,0.13156231292323908,4,0.0,5
sum,10.0,1.5,A1,True,True,1.0,1.0,A1 > A2 > A3 > A4 > A5,1.0,1,0.38273179601060253,2,0.28770703555834237,3,0.17060984831292347,4,0.0,5
sum,10.0,2.25,A1,True,True,1.0,1.0,A1 > A2 > A3 > A4 > A5,1.0,1,0.4127650464166308,2,0.29630392786356724,3,0.2078654129109982,4,0.0,5
sum,10.0,3.0,A1,True,True,1.0,1.0,A1 > A2 > A3 > A4 > A5,1.0,1,0.4320330353164992,2,0.30181930909174054,3,0.23176691526020646,4,0.0,5
sum,10.0,5.0,A1,True,True,1.0,1.0,A1 > A2 > A3 > A4 > A5,1.0,1,0.4605680321433576,2,0.309987332576844,3,0.2671639303423807,4,0.0,5
vector,1.0,1.0,A1,True,True,1.0,1.0,A1 > A2 > A3 > A4 > A5,1.0,1,0.39190650076484695,2,0.2111451089783267,3,0.10040640173914954,4,0.0,5
vector,1.0,1.5,A1,True,True,1.0,1.0,A1 > A2 > A3 > A4 > A5,1.0,1,0.45610507605282996,2,0.232121886626826,3,0.17179614891488051,4,0.0,5
vector,1.0,2.25,A1,True,True,1.0,1.0,A1 > A2 > A3 > A4 > A5,1.0,1,0.5190401295189422,2,0.25268581062253775,3,0.24178084149228535,4,0.0,5
vector,1.0,3.0,A1,True,False,0.9,0.8,A1 > A2 > A4 > A3 > A5,1.0,1,0.5603131759095225,2,0.2661717098520406,4,0.2876770679081893,3,0.0,5
vector,1.0,5.0,A1,True,False,0.9,0.8,A1 > A2 > A4 > A3 > A5,1.0,1,0.6227700421371483,2,0.2865793869632834,4,0.35713000933839134,3,0.0,5
vector,2.0,1.0,A1,True,True,1.0,1.0,A1 > A2 > A3 > A4 > A5,1.0,1,0.36021428159748614,2,0.23513749123873512,3,0.10055204806040809,4,0.0,5
vector,2.0,1.5,A1,True,True,1.0,1.0,A1 > A2 > A3 > A4 > A5,1.0,1,0.4128762796945163,2,0.25079940196452266,3,0.1592309548502877,4,0.0,5
vector,2.0,2.25,A1,True,True,1.0,1.0,A1 > A2 > A3 > A4 > A5,1.0,1,0.4639852557009617,2,0.26599943706430246,3,0.21617939865378144,4,0.0,5
vector,2.0,3.0,A1,True,True,1.0,1.0,A1 > A2 > A3 > A4 > A5,1.0,1,0.4972287114142135,2,0.27588618755634225,3,0.2532210930379791,4,0.0,5
vector,2.0,5.0,A1,True,False,0.9,0.8,A1 > A2 > A4 > A3 > A5,1.0,1,0.5471273490434635,2,0.2907262626793523,4,0.3088209109748884,3,0.0,5
vector,3.0,1.0,A1,True,True,1.0,1.0,A1 > A2 > A3 > A4 > A5,1.0,1,0.3469551640582051,2,0.2551798680621953,3,0.10762808023643373,4,0.0,5
vector,3.0,1.5,A1,True,True,1.0,1.0,A1 > A2 > A3 > A4 > A5,1.0,1,0.3900237280852512,2,0.2675263686545469,3,0.1569887149263199,4,0.0,5
vector,3.0,2.25,A1,True,True,1.0,1.0,A1 > A2 > A3 > A4 > A5,1.0,1,0.4315044445921091,2,0.2794176796952742,3,0.204529526662786,4,0.0,5
vector,3.0,3.0,A1,True,True,1.0,1.0,A1 > A2 > A3 > A4 > A5,1.0,1,0.45831895505933756,2,0.2871046174153094,3,0.23526148361240282,4,0.0,5
vector,3.0,5.0,A1,True,True,1.0,1.0,A1 > A2 > A3 > A4 > A5,1.0,1,0.498324052446134,2,0.2985729115119734,3,0.2811110967223947,4,0.0,5
vector,5.0,1.0,A1,True,True,1.0,1.0,A1 > A2 > A3 > A4 > A5,1.0,1,0.35102978378624333,2,0.2860038238169983,3,0.13025207360106836,4,0.0,5
vector,5.0,1.5,A1,True,True,1.0,1.0,A1 > A2 > A3 > A4 > A5,1.0,1,0.3797063355014538,2,0.29456351275723686,3,0.16725587161188182,4,0.0,5
vector,5.0,2.25,A1,True,True,1.0,1.0,A1 > A2 > A3 > A4 > A5,1.0,1,0.4070300824276427,2,0.30271940181575024,3,0.20251403034018492,4,0.0,5
vector,5.0,3.0,A1,True,True,1.0,1.0,A1 > A2 > A3 > A4 > A5,1.0,1,0.4245408962570186,2,0.30794621991293386,3,0.22510972540081142,4,0.0,5
vector,5.0,5.0,A1,True,True,1.0,1.0,A1 > A2 > A3 > A4 > A5,1.0,1,0.45044653529586987,2,0.315678816710932,3,0.258537978694817,4,0.0,5
vector,10.0,1.0,A1,True,True,1.0,1.0,A1 > A2 > A3 > A4 > A5,1.0,1,0.41331221694451137,2,0.3401950166168474,3,0.18996962861147543,4,0.0,5
vector,10.0,1.5,A1,True,True,1.0,1.0,A1 > A2 > A3 > A4 > A5,1.0,1,0.42291204128975063,2,0.3447329725834556,3,0.21123844402960593,4,0.0,5
vector,10.0,2.25,A1,True,True,1.0,1.0,A1 > A2 > A3 > A4 > A5,1.0,1,0.43192228979705094,2,0.34899222874313773,3,0.23120102933131503,4,0.0,5
vector,10.0,3.0,A1,True,True,1.0,1.0,A1 > A2 > A3 > A4 > A5,1.0,1,0.4376278633888063,2,0.35168932410576964,3,0.24384196808326106,4,0.0,5
vector,10.0,5.0,A1,True,True,1.0,1.0,A1 > A2 > A3 > A4 > A5,1.0,1,0.44597204856356737,2,0.3556337238716956,3,0.2623288620007223,4,0.0,5
